{"best_param_CA_1_FOODS_1": {"gamma": 0.5588210624767112, "learning_rate": 0.05074997617448306, "max_depth": 7, "n_estimators": 64, "reg_alpha": 0.1570738033857957, "reg_lambda": 0.3811456627123333, "subsample": 0.9558001899293613}, "best_param_CA_1_FOODS_2": {"gamma": 0.12388016989323263, "learning_rate": 0.15542105913122262, "max_depth": 7, "n_estimators": 127, "reg_alpha": 0.8712273858269363, "reg_lambda": 0.5910378848614662, "subsample": 0.6599834393809063}, "best_param_CA_1_FOODS_3": {"gamma": 0.36465572675570623, "learning_rate": 0.029430824850158386, "max_depth": 7, "n_estimators": 14, "reg_alpha": 0.7453984450528848, "reg_lambda": 0.70165266394807, "subsample": 0.1745655713417647}, "best_param_CA_1_HOBBIES_1": {"gamma": 0.7556096198694703, "learning_rate": 0.03747273181330879, "max_depth": 7, "n_estimators": 55, "reg_alpha": 0.09641772946373879, "reg_lambda": 0.9981059636634522, "subsample": 0.10153131495183741}, "best_param_CA_1_HOBBIES_2": {"gamma": 0.3474895008233909, "learning_rate": 0.14389199385035126, "max_depth": 7, "n_estimators": 171, "reg_alpha": 0.6345637879092634, "reg_lambda": 0.009768594613932202, "subsample": 0.561030415398034}, "best_param_CA_1_HOUSEHOLD_1": {"gamma": 0.7459098551556653, "learning_rate": 0.12121902516986023, "max_depth": 7, "n_estimators": 179, "reg_alpha": 0.9652863754604647, "reg_lambda": 0.1679659605999831, "subsample": 0.17403513706112314}, "best_param_CA_1_HOUSEHOLD_2": {"gamma": 0.31830638471175965, "learning_rate": 0.06943189799981729, "max_depth": 7, "n_estimators": 106, "reg_alpha": 0.998851390463523, "reg_lambda": 0.7826823765442714, "subsample": 0.1562603008752001}, "best_param_CA_2_FOODS_1": {"gamma": 0.7407879575910307, "learning_rate": 0.056412210500076776, "max_depth": 7, "n_estimators": 65, "reg_alpha": 0.004466007004977728, "reg_lambda": 0.4499523944218754, "subsample": 0.42330096075995466}, "best_param_CA_2_FOODS_2": {"gamma": 0.7092780688945485, "learning_rate": 0.11734075093854937, "max_depth": 7, "n_estimators": 28, "reg_alpha": 0.0462276755692661, "reg_lambda": 0.5241559478829924, "subsample": 0.3002952679196812}, "best_param_CA_2_FOODS_3": {"gamma": 0.2607198402136667, "learning_rate": 0.04871406459619994, "max_depth": 7, "n_estimators": 195, "reg_alpha": 0.6173202376456515, "reg_lambda": 0.6063672800687152, "subsample": 0.2577381995310242}, "best_param_CA_2_HOBBIES_1": {"gamma": 0.7240060593002589, "learning_rate": 0.023588340800302532, "max_depth": 7, "n_estimators": 154, "reg_alpha": 0.6700811846973521, "reg_lambda": 0.07016515578912991, "subsample": 0.5161355913450786}, "best_param_CA_2_HOBBIES_2": {"gamma": 0.05752566772752793, "learning_rate": 0.02281650574762629, "max_depth": 7, "n_estimators": 182, "reg_alpha": 0.9915200219810656, "reg_lambda": 0.9337515329312664, "subsample": 0.3481919004719462}, "best_param_CA_2_HOUSEHOLD_1": {"gamma": 0.7634286871538463, "learning_rate": 0.025353043669084196, "max_depth": 7, "n_estimators": 128, "reg_alpha": 0.2839915241637063, "reg_lambda": 0.23878612030891788, "subsample": 0.5888237131804535}, "best_param_CA_2_HOUSEHOLD_2": {"gamma": 0.343993032749161, "learning_rate": 0.10579430485045312, "max_depth": 7, "n_estimators": 54, "reg_alpha": 0.2572626220780719, "reg_lambda": 0.4629179105853045, "subsample": 0.9980648512720148}, "best_param_CA_3_FOODS_1": {"gamma": 0.861839768351795, "learning_rate": 0.14567195904762253, "max_depth": 7, "n_estimators": 109, "reg_alpha": 0.8138450507392905, "reg_lambda": 0.02449695746574166, "subsample": 0.6294739452686405}, "best_param_CA_3_FOODS_2": {"gamma": 0.3652443815700329, "learning_rate": 0.018538818258547782, "max_depth": 3, "n_estimators": 111, "reg_alpha": 0.7294177510118056, "reg_lambda": 0.7705903647081914, "subsample": 0.11432704892882226}, "best_param_CA_3_FOODS_3": {"gamma": 0.31669620548684, "learning_rate": 0.029760865616342013, "max_depth": 7, "n_estimators": 23, "reg_alpha": 0.9329154636016294, "reg_lambda": 0.5844656575028409, "subsample": 0.9980393693703729}, "best_param_CA_3_HOBBIES_1": {"gamma": 0.35241846042079167, "learning_rate": 0.07356741084753197, "max_depth": 7, "n_estimators": 37, "reg_alpha": 0.31138592544267546, "reg_lambda": 0.012916848804217673, "subsample": 0.5776856541489349}, "best_param_CA_3_HOBBIES_2": {"gamma": 0.7382104735227537, "learning_rate": 0.28209623638716813, "max_depth": 7, "n_estimators": 61, "reg_alpha": 0.3383546390734284, "reg_lambda": 0.16802787096632416, "subsample": 0.1586556922828337}, "best_param_CA_3_HOUSEHOLD_1": {"gamma": 0.5324453903330196, "learning_rate": 0.03065317156971177, "max_depth": 7, "n_estimators": 97, "reg_alpha": 0.9232419182110484, "reg_lambda": 0.05378617977584782, "subsample": 0.5679257748252957}, "best_param_CA_3_HOUSEHOLD_2": {"gamma": 0.7952383052032264, "learning_rate": 0.018380292422813242, "max_depth": 7, "n_estimators": 142, "reg_alpha": 0.8579991513031977, "reg_lambda": 0.9499275107480382, "subsample": 0.14320391730005794}, "best_param_CA_4_FOODS_1": {"gamma": 0.2081306778678953, "learning_rate": 0.04206500947978999, "max_depth": 7, "n_estimators": 89, "reg_alpha": 0.18814674898537825, "reg_lambda": 0.927369104608424, "subsample": 0.7297794219338474}, "best_param_CA_4_FOODS_2": {"gamma": 0.16765541213944157, "learning_rate": 0.08001871765403326, "max_depth": 7, "n_estimators": 9, "reg_alpha": 0.47428688790688267, "reg_lambda": 0.20040144524572712, "subsample": 0.196572483623611}, "best_param_CA_4_FOODS_3": {"gamma": 0.3178721965888936, "learning_rate": 0.020903647808618843, "max_depth": 7, "n_estimators": 75, "reg_alpha": 0.3028648865503935, "reg_lambda": 0.9958247693232871, "subsample": 0.6617907198007507}, "best_param_CA_4_HOBBIES_1": {"gamma": 0.3076710642424022, "learning_rate": 0.039246324286996155, "max_depth": 7, "n_estimators": 146, "reg_alpha": 0.6146824480509617, "reg_lambda": 0.545389805974777, "subsample": 0.15626701973549534}, "best_param_CA_4_HOBBIES_2": {"gamma": 0.4724104903833074, "learning_rate": 0.039870194500154214, "max_depth": 7, "n_estimators": 129, "reg_alpha": 0.21492602813498055, "reg_lambda": 0.6401726184661014, "subsample": 0.45176154992409306}, "best_param_CA_4_HOUSEHOLD_1": {"gamma": 0.2404438407963951, "learning_rate": 0.1029833254183118, "max_depth": 2, "n_estimators": 116, "reg_alpha": 0.5008466545659385, "reg_lambda": 0.6843442608388475, "subsample": 0.437336095750083}, "best_param_CA_4_HOUSEHOLD_2": {"gamma": 0.5409024714684539, "learning_rate": 0.10077735269018101, "max_depth": 7, "n_estimators": 19, "reg_alpha": 0.44324950177183764, "reg_lambda": 0.7766355605611338, "subsample": 0.12016785186572781}, "best_param_TX_1_FOODS_1": {"gamma": 0.45143094185337207, "learning_rate": 0.06344384511475738, "max_depth": 7, "n_estimators": 93, "reg_alpha": 0.04033098906619227, "reg_lambda": 0.726422818330411, "subsample": 0.10209126734457469}, "best_param_TX_1_FOODS_2": {"gamma": 0.4576180797737322, "learning_rate": 0.022292127588987555, "max_depth": 7, "n_estimators": 108, "reg_alpha": 0.5340447330560512, "reg_lambda": 0.7548295342927687, "subsample": 0.5415459550493279}, "best_param_TX_1_FOODS_3": {"gamma": 0.011358069435407386, "learning_rate": 0.02125819754215819, "max_depth": 7, "n_estimators": 36, "reg_alpha": 0.15425379149730567, "reg_lambda": 0.9883134635817898, "subsample": 0.7986765166627464}, "best_param_TX_1_HOBBIES_1": {"gamma": 0.44679373138166106, "learning_rate": 0.04036330463839631, "max_depth": 7, "n_estimators": 90, "reg_alpha": 0.8318675355747676, "reg_lambda": 0.5295794203256627, "subsample": 0.1783758400046711}, "best_param_TX_1_HOBBIES_2": {"gamma": 0.5841019118673093, "learning_rate": 0.8748671154758422, "max_depth": 1, "n_estimators": 181, "reg_alpha": 0.15086662582766736, "reg_lambda": 0.7281189427057249, "subsample": 0.16721548367011352}, "best_param_TX_1_HOUSEHOLD_1": {"gamma": 0.5703488657186145, "learning_rate": 0.07470834900394373, "max_depth": 7, "n_estimators": 60, "reg_alpha": 0.1967045737523126, "reg_lambda": 0.599005364093277, "subsample": 0.11483677211697557},